Ссылка,Цена,Описание
https://www.kufar.by/item/171404390?searchId=649d85e3d548f36768110c649d51ab2f3921,560,"Кухонный набор Аленка 17к РАССРОЧКА без переплатВитебская, ОршаДоставка по Беларуси"
https://www.kufar.by/item/183083058?searchId=649d85e3d548f36768110c649d51ab2f3921,965,"Диван-кровать ЛаураМинская, БорисовДоставкаРассрочка"
https://www.kufar.by/item/215841448?rank=0&searchId=649d85e3d548f36768110c649d51ab2f3921,60,"Журнальный столМинск, Фрунзенский"
https://www.kufar.by/item/215841413?rank=1&searchId=649d85e3d548f36768110c649d51ab2f3921,150,"Детская кроватка с матрасом Минск, Заводской"
https://www.kufar.by/item/215841358?rank=2&searchId=649d85e3d548f36768110c649d51ab2f3921,65,"Кроватка Минск, Заводской"
https://www.kufar.by/item/215841310?rank=4&searchId=649d85e3d548f36768110c649d51ab2f3921,120,Угловой диванГомель
https://www.kufar.by/item/212981448?rank=5&searchId=649d85e3d548f36768110c649d51ab2f3921,45,"Новая полка Минск, Центральный"
https://www.kufar.by/item/215841122?rank=6&searchId=649d85e3d548f36768110c649d51ab2f3921,35,Кресло детское мягкое 90 смВитебск
https://www.kufar.by/item/209769652?rank=7&searchId=649d85e3d548f36768110c649d51ab2f3921,1300,"НОВЫЙ Матрас Serta Embrace Liberty 180*200Минск, Октябрьский"
https://www.kufar.by/item/215841078?rank=8&searchId=649d85e3d548f36768110c649d51ab2f3921,250,"КухняГомельская, Речица"
https://www.kufar.by/item/214657013?rank=9&searchId=649d85e3d548f36768110c649d51ab2f3921,200,"Кроватка с пеленальным столиком - трансформер Минск, Первомайский"
https://www.kufar.by/item/212598406?rank=10&searchId=649d85e3d548f36768110c649d51ab2f3921,99,"стол компьютерный Минск, Советский"
https://www.kufar.by/item/210693509?rank=11&searchId=649d85e3d548f36768110c649d51ab2f3921,190,"Кровать Минск, Советский"
https://www.kufar.by/item/215840894?rank=12&searchId=649d85e3d548f36768110c649d51ab2f3921,160,"ДиванМинск, Партизанский"
https://www.kufar.by/item/215840842?rank=13&searchId=649d85e3d548f36768110c649d51ab2f3921,300,"Набор мебели, 300рублей.Витебск"
https://www.kufar.by/item/215840764?rank=15&searchId=649d85e3d548f36768110c649d51ab2f3921,10,"тумбочкаБрестская, Пинск"
https://www.kufar.by/item/215840729?rank=16&searchId=649d85e3d548f36768110c649d51ab2f3921,400,"КухняГомельская, Калинковичи"
https://www.kufar.by/item/215840672?rank=17&searchId=649d85e3d548f36768110c649d51ab2f3921,400,"Кровать чердак Гомельская, Светлогорск"
https://www.kufar.by/item/215840625?rank=18&searchId=649d85e3d548f36768110c649d51ab2f3921,200,"КроватьМинская, Несвиж"
https://www.kufar.by/item/215840565?rank=19&searchId=649d85e3d548f36768110c649d51ab2f3921,80,"Продам детскую кроватку Могилевская, Бобруйск"
https://www.kufar.by/item/215840560?rank=21&searchId=649d85e3d548f36768110c649d51ab2f3921,65,"Навесные полкиМинск, Первомайский"
https://www.kufar.by/item/215840553?rank=22&searchId=649d85e3d548f36768110c649d51ab2f3921,50,Стеллаж IKEA Гомель
https://www.kufar.by/item/211126549?rank=23&searchId=649d85e3d548f36768110c649d51ab2f3921,550,"Бежевый диван Форте-2Минск, Фрунзенский"
https://www.kufar.by/item/215292361?rank=24&searchId=649d85e3d548f36768110c649d51ab2f3921,398,"Матрасы НОВЫЕ РАСПРОДАЖА СКЛАДА разные размеры   Минск, Первомайский"
https://www.kufar.by/item/215840478?rank=25&searchId=649d85e3d548f36768110c649d51ab2f3921,250,"ДиванМинская, Несвиж"
https://www.kufar.by/item/215840292?rank=26&searchId=649d85e3d548f36768110c649d51ab2f3921,430,"Диван угловойМинск, Октябрьский"
https://www.kufar.by/item/215840445?rank=27&searchId=649d85e3d548f36768110c649d51ab2f3921,250,"Кроватка Bambini + матрас Plitex Минск, Московский"
https://www.kufar.by/item/215840447?rank=28&searchId=649d85e3d548f36768110c649d51ab2f3921,50,Письменный столБрест
https://www.kufar.by/item/215840438?rank=29&searchId=649d85e3d548f36768110c649d51ab2f3921,40,"Стулья Витебская, Орша"
https://www.kufar.by/item/210011658?rank=31&searchId=649d85e3d548f36768110c649d51ab2f3921,160,"Письменный стол Минск, Советский"
https://www.kufar.by/item/215840359?rank=32&searchId=649d85e3d548f36768110c649d51ab2f3921,400,Диван угловой Брест
https://www.kufar.by/item/210011316?rank=33&searchId=649d85e3d548f36768110c649d51ab2f3921,330,"Диван для подростков FurmanМинск, Советский"
https://www.kufar.by/item/215840307?rank=35&searchId=649d85e3d548f36768110c649d51ab2f3921,100,Кровать детскаяБрест
https://www.kufar.by/item/215840100?rank=36&searchId=649d85e3d548f36768110c649d51ab2f3921,70,Детская кроватка Гродно
https://www.kufar.by/item/175548063?rank=37&searchId=649d85e3d548f36768110c649d51ab2f3921,26,"Полка настенная  цвет ВенгеМинск, Ленинский"
https://www.kufar.by/item/215840230?rank=38&searchId=649d85e3d548f36768110c649d51ab2f3921,125,"Стулья Минск, Октябрьский"
https://www.kufar.by/item/215840222?rank=39&searchId=649d85e3d548f36768110c649d51ab2f3921,150,"СтенкаГомельская, Рогачев"
https://www.kufar.by/item/215840143?rank=40&searchId=649d85e3d548f36768110c649d51ab2f3921,250,Кухня за символическую ценуБрест
https://www.kufar.by/item/215840135?rank=41&searchId=649d85e3d548f36768110c649d51ab2f3921,50,"Мебель IKEAГродненская, Лида"
https://www.kufar.by/item/215840125?rank=42&searchId=649d85e3d548f36768110c649d51ab2f3921,250,"Шкаф Минск, Партизанский"
https://www.kufar.by/item/197160483,750,"КУХНИ. ВЫБОР ЦВЕТА И РАЗМЕРА.Минск, ЦентральныйДоставка по Беларуси"
https://www.kufar.by/item/196878864,680,"КУХНИ. ВЫБОР ЦВЕТА И МАТЕРИАЛА.Минск, СоветскийДоставка по Беларуси"
https://www.kufar.by/item/159784615,400,"Готовые кухни из ЛДСП. Цена за комплект.Минск, СоветскийДоставка по Беларуси"
https://www.kufar.by/item/215839877,25,АКЦИЯ Стол стулья 17 цветов табуретки ДОСТАВКАБрестДоставка по Беларуси
https://www.kufar.by/item/215839753,25,"АКЦИЯ Стол стулья 17 цветов табуретки ДОСТАВКАМинск, СоветскийДоставка по Беларуси"
https://www.kufar.by/item/215839646,25,"АКЦИЯ Стол стулья 17 цветов табуретки ДОСТАВКАМинск, ПартизанскийДоставка по Беларуси"
https://www.kufar.by/item/165236112,480,"Дизайнерский стул из массива дуба БИО (-10%)Минск, ЦентральныйДоставка по БеларусиРассрочка"
https://www.kufar.by/item/94645867,390,"Кухня.от 1.2 метра до 2.4. прямая Витебская, НовополоцкДоставка по БеларусиРассрочка"
https://www.kufar.by/item/171404390?searchId=ba4a4ce652fadfd8d03c2f12601fa5b6dca4,560,"Кухонный набор Аленка 17к РАССРОЧКА без переплатВитебская, ОршаДоставка по Беларуси"
https://www.kufar.by/item/183083058?searchId=ba4a4ce652fadfd8d03c2f12601fa5b6dca4,965,"Диван-кровать ЛаураМинская, БорисовДоставкаРассрочка"
https://www.kufar.by/item/189832017?rank=43&searchId=ba4a4ce652fadfd8d03c2f12601fa5b6dca4,150,Стол Лофт НОВЫЙГомель
https://www.kufar.by/item/215840105?rank=45&searchId=ba4a4ce652fadfd8d03c2f12601fa5b6dca4,70,"ТрюмоГомельская, Рогачев"
https://www.kufar.by/item/215840051?rank=47&searchId=ba4a4ce652fadfd8d03c2f12601fa5b6dca4,50,Столы стульяМогилев
https://www.kufar.by/item/215840004?rank=49&searchId=ba4a4ce652fadfd8d03c2f12601fa5b6dca4,150,"Тумба под телевизорМинск, Московский"
https://www.kufar.by/item/197160483?rank=50&searchId=ba4a4ce652fadfd8d03c2f12601fa5b6dca4,750,"КУХНИ. ВЫБОР ЦВЕТА И РАЗМЕРА.Минск, ЦентральныйДоставка по Беларуси"
https://www.kufar.by/item/196878864?rank=52&searchId=ba4a4ce652fadfd8d03c2f12601fa5b6dca4,680,"КУХНИ. ВЫБОР ЦВЕТА И МАТЕРИАЛА.Минск, СоветскийДоставка по Беларуси"
https://www.kufar.by/item/159784615?rank=53&searchId=ba4a4ce652fadfd8d03c2f12601fa5b6dca4,400,"Готовые кухни из ЛДСП. Цена за комплект.Минск, СоветскийДоставка по Беларуси"
https://www.kufar.by/item/215839877?rank=54&searchId=ba4a4ce652fadfd8d03c2f12601fa5b6dca4,25,АКЦИЯ Стол стулья 17 цветов табуретки ДОСТАВКАБрестДоставка по Беларуси
https://www.kufar.by/item/215831036?rank=55&searchId=ba4a4ce652fadfd8d03c2f12601fa5b6dca4,270,"Кухонный гарнитурГомельская, Жлобин"
https://www.kufar.by/item/215839863?rank=56&searchId=ba4a4ce652fadfd8d03c2f12601fa5b6dca4,100,"Мягкий уголокГомельская, Рогачев"
https://www.kufar.by/item/215839728?rank=57&searchId=ba4a4ce652fadfd8d03c2f12601fa5b6dca4,650,Диван и 2 креслаБрест
https://www.kufar.by/item/215839839?rank=58&searchId=ba4a4ce652fadfd8d03c2f12601fa5b6dca4,90,"ШкафВитебская, Полоцк"
https://www.kufar.by/item/215839776?rank=59&searchId=ba4a4ce652fadfd8d03c2f12601fa5b6dca4,10,"Кровати Витебская, Миоры"
https://www.kufar.by/item/215839753?rank=60&searchId=ba4a4ce652fadfd8d03c2f12601fa5b6dca4,25,"АКЦИЯ Стол стулья 17 цветов табуретки ДОСТАВКАМинск, СоветскийДоставка по Беларуси"
https://www.kufar.by/item/208448674?rank=61&searchId=ba4a4ce652fadfd8d03c2f12601fa5b6dca4,200,"Стол компьютерный Сокол КСТ-101Минск, Центральный"
https://www.kufar.by/item/215839658?rank=62&searchId=ba4a4ce652fadfd8d03c2f12601fa5b6dca4,310,"Мебельные шаблоны assistent Минск, Центральный"
https://www.kufar.by/item/215839654?rank=63&searchId=ba4a4ce652fadfd8d03c2f12601fa5b6dca4,195,Стул (Кресло) венский барныйГомель
https://www.kufar.by/item/215839652?rank=64&searchId=ba4a4ce652fadfd8d03c2f12601fa5b6dca4,1,Мебельная подкладкаГродно
https://www.kufar.by/item/215839646?rank=65&searchId=ba4a4ce652fadfd8d03c2f12601fa5b6dca4,25,"АКЦИЯ Стол стулья 17 цветов табуретки ДОСТАВКАМинск, ПартизанскийДоставка по Беларуси"
https://www.kufar.by/item/211313635?rank=66&searchId=ba4a4ce652fadfd8d03c2f12601fa5b6dca4,250,Стеллаж IKEA Kallax вместе с серыми ящиками Витебск
https://www.kufar.by/item/215839609?rank=67&searchId=ba4a4ce652fadfd8d03c2f12601fa5b6dca4,150,"Секция модульная ( горка)Минск, Ленинский"
https://www.kufar.by/item/215839603?rank=68&searchId=ba4a4ce652fadfd8d03c2f12601fa5b6dca4,25,"Диван Витебская, Миоры"
https://www.kufar.by/item/215839525?rank=70&searchId=ba4a4ce652fadfd8d03c2f12601fa5b6dca4,350,"Кухня Минская, Смолевичи"
https://www.kufar.by/item/203057467?rank=71&searchId=ba4a4ce652fadfd8d03c2f12601fa5b6dca4,200,"Шкаф для переодеванияМинск, Партизанский"
https://www.kufar.by/item/215839386?rank=72&searchId=ba4a4ce652fadfd8d03c2f12601fa5b6dca4,250,"Пеленальный столик комод Минск, Фрунзенский"
https://www.kufar.by/item/196875461?rank=73&searchId=ba4a4ce652fadfd8d03c2f12601fa5b6dca4,4000,"Набор мягкой мебелиМинск, Заводской"
https://www.kufar.by/item/213146349?rank=74&searchId=ba4a4ce652fadfd8d03c2f12601fa5b6dca4,190,"Детская кроватка, матрас,бортикиМинск, Партизанский"
https://www.kufar.by/item/215839285?rank=76&searchId=ba4a4ce652fadfd8d03c2f12601fa5b6dca4,100,"Стол, стульяМинская, Борисов"
https://www.kufar.by/item/215839234?rank=77&searchId=ba4a4ce652fadfd8d03c2f12601fa5b6dca4,70,"Держатель для туалетной бумагиМинск, Московский"
https://www.kufar.by/item/215839203?rank=78&searchId=ba4a4ce652fadfd8d03c2f12601fa5b6dca4,60,Кровать детская Витебск
https://www.kufar.by/item/215839202?rank=79&searchId=ba4a4ce652fadfd8d03c2f12601fa5b6dca4,100,Стол-трансформерГродно
https://www.kufar.by/item/215839196?rank=80&searchId=ba4a4ce652fadfd8d03c2f12601fa5b6dca4,70,Кресло-кроватьГомель
https://www.kufar.by/item/215839086?rank=81&searchId=ba4a4ce652fadfd8d03c2f12601fa5b6dca4,200,"Прихожая Минск, Первомайский"
https://www.kufar.by/item/215838989?rank=82&searchId=ba4a4ce652fadfd8d03c2f12601fa5b6dca4,50,ШкафГомель
https://www.kufar.by/item/212856578?rank=83&searchId=ba4a4ce652fadfd8d03c2f12601fa5b6dca4,1650,"Кухня. Пластик. Фурнитура Blum. Отличное состояниеМинск, Фрунзенский"
https://www.kufar.by/item/214580688?rank=84&searchId=ba4a4ce652fadfd8d03c2f12601fa5b6dca4,350,Кровать-чердакГродно
https://www.kufar.by/item/215724117?rank=85&searchId=ba4a4ce652fadfd8d03c2f12601fa5b6dca4,750,"Кровать кованая полуторнаяМинск, Первомайский"
https://www.kufar.by/item/197160483,750,"КУХНИ. ВЫБОР ЦВЕТА И РАЗМЕРА.Минск, ЦентральныйДоставка по Беларуси"
https://www.kufar.by/item/196878864,680,"КУХНИ. ВЫБОР ЦВЕТА И МАТЕРИАЛА.Минск, СоветскийДоставка по Беларуси"
https://www.kufar.by/item/159784615,400,"Готовые кухни из ЛДСП. Цена за комплект.Минск, СоветскийДоставка по Беларуси"
https://www.kufar.by/item/215839877,25,АКЦИЯ Стол стулья 17 цветов табуретки ДОСТАВКАБрестДоставка по Беларуси
https://www.kufar.by/item/215839753,25,"АКЦИЯ Стол стулья 17 цветов табуретки ДОСТАВКАМинск, СоветскийДоставка по Беларуси"
https://www.kufar.by/item/215839646,25,"АКЦИЯ Стол стулья 17 цветов табуретки ДОСТАВКАМинск, ПартизанскийДоставка по Беларуси"
https://www.kufar.by/item/165236112,480,"Дизайнерский стул из массива дуба БИО (-10%)Минск, ЦентральныйДоставка по БеларусиРассрочка"
https://www.kufar.by/item/94645867,390,"Кухня.от 1.2 метра до 2.4. прямая Витебская, НовополоцкДоставка по БеларусиРассрочка"
https://www.kufar.by/item/135513461?searchId=4e8719d5f5d8231434e23a5433f6c7ecb15d,530,"Тахта «Валя»Минск, ФрунзенскийДоставка"
https://www.kufar.by/item/173029214?searchId=4e8719d5f5d8231434e23a5433f6c7ecb15d,220,"Ширма пятистворчатая 160х250 (новые)Минск, СоветскийДоставка по Беларуси"
https://www.kufar.by/item/213390924?searchId=4e8719d5f5d8231434e23a5433f6c7ecb15d,400,"БЮДЖЕТНЫЕ МОДУЛЬНЫЕ КУХНИ. ПРОЕКТ. ВЫЕЗД НА ЗАМЕР.Минск, ЦентральныйДоставка по Беларуси"
https://www.kufar.by/item/211966698?rank=86&searchId=4e8719d5f5d8231434e23a5433f6c7ecb15d,12,"Новая ручка - защелкаМинск, Центральный"
https://www.kufar.by/item/215515842?rank=87&searchId=4e8719d5f5d8231434e23a5433f6c7ecb15d,650,"Мягкая мебель Минская, Слуцк"
https://www.kufar.by/item/215838900?rank=88&searchId=4e8719d5f5d8231434e23a5433f6c7ecb15d,220,"ДиванМинск, Ленинский"
https://www.kufar.by/item/215838868?rank=89&searchId=4e8719d5f5d8231434e23a5433f6c7ecb15d,30,Стол кухонныйВитебск
https://www.kufar.by/item/152973959?rank=90&searchId=4e8719d5f5d8231434e23a5433f6c7ecb15d,258,"Шкаф-пенал под стиральную машину. В наличииМинск, ФрунзенскийДоставка"
https://www.kufar.by/item/215838758?rank=91&searchId=4e8719d5f5d8231434e23a5433f6c7ecb15d,400,"ДиванМинск, Ленинский"
https://www.kufar.by/item/215262850?rank=92&searchId=4e8719d5f5d8231434e23a5433f6c7ecb15d,190,Шкафчики для кухниМогилев
https://www.kufar.by/item/215838660?rank=93&searchId=4e8719d5f5d8231434e23a5433f6c7ecb15d,130,Кресло детское ChairmanБрест
https://www.kufar.by/item/215838655?rank=94&searchId=4e8719d5f5d8231434e23a5433f6c7ecb15d,210,"Стулья барные Минск, Фрунзенский"
https://www.kufar.by/item/215838654?rank=95&searchId=4e8719d5f5d8231434e23a5433f6c7ecb15d,200,СпальняГродно
https://www.kufar.by/item/215838618?rank=96&searchId=4e8719d5f5d8231434e23a5433f6c7ecb15d,70,"Манеж игровойМинск, Центральный"
https://www.kufar.by/item/214816495?rank=97&searchId=4e8719d5f5d8231434e23a5433f6c7ecb15d,520,"Шкафы купеМинск, Октябрьский"
https://www.kufar.by/item/215838611?rank=98&searchId=4e8719d5f5d8231434e23a5433f6c7ecb15d,5,"Детская ванночка Минск, Октябрьский"
https://www.kufar.by/item/193954201?rank=99&searchId=4e8719d5f5d8231434e23a5433f6c7ecb15d,180,Детская кроваткаВитебск
https://www.kufar.by/item/210447830?rank=100&searchId=4e8719d5f5d8231434e23a5433f6c7ecb15d,200,Кровать детскаяБрест
https://www.kufar.by/item/215838542?rank=101&searchId=4e8719d5f5d8231434e23a5433f6c7ecb15d,179,"Cтол детский с 2 стульямиМинск, Центральный"
https://www.kufar.by/item/215838301?rank=102&searchId=4e8719d5f5d8231434e23a5433f6c7ecb15d,490,"Секция Калинковичи Брестская, Барановичи"
https://www.kufar.by/item/215838444?rank=103&searchId=4e8719d5f5d8231434e23a5433f6c7ecb15d,90,"Кухонный уголок Витебская, Полоцк"
https://www.kufar.by/item/211761543?rank=104&searchId=4e8719d5f5d8231434e23a5433f6c7ecb15d,700,"Стенка ''Орфей'' Минская, Слуцк"
https://www.kufar.by/item/215838382?rank=105&searchId=4e8719d5f5d8231434e23a5433f6c7ecb15d,150,"Мебель в детскую комнатуБрестская, Пружаны"
https://www.kufar.by/item/201617520?rank=106&searchId=4e8719d5f5d8231434e23a5433f6c7ecb15d,5,"Комплектующие для офисных кресел. Ремонт.Минск, Фрунзенский"
https://www.kufar.by/item/215838100?rank=107&searchId=4e8719d5f5d8231434e23a5433f6c7ecb15d,1050,Шкаф купе белого цвета 2 м длина Брест
https://www.kufar.by/item/189887142?rank=108&searchId=4e8719d5f5d8231434e23a5433f6c7ecb15d,170,"Кресло , стул офисный новый Everprof EP 600 хромМинск, Фрунзенский"
https://www.kufar.by/item/208859351?rank=109&searchId=4e8719d5f5d8231434e23a5433f6c7ecb15d,280,"Кресло Everprof EP 708 черн. Минск, Фрунзенский"
https://www.kufar.by/item/212886364?rank=110&searchId=4e8719d5f5d8231434e23a5433f6c7ecb15d,50,"Полка Минск, Центральный"
https://www.kufar.by/item/215837136?rank=111&searchId=4e8719d5f5d8231434e23a5433f6c7ecb15d,550,"КроваткаМинск, Фрунзенский"
https://www.kufar.by/item/215836841?rank=112&searchId=4e8719d5f5d8231434e23a5433f6c7ecb15d,45,"Идеальный матрас 120/60+наматрасник PLINTEXМинск, Фрунзенский"
https://www.kufar.by/item/215836089?rank=113&searchId=4e8719d5f5d8231434e23a5433f6c7ecb15d,499,Самый лучший подарок)Могилев
https://www.kufar.by/item/215835880?rank=114&searchId=4e8719d5f5d8231434e23a5433f6c7ecb15d,110,"МебельБрестская, Барановичи"
https://www.kufar.by/item/215834882?rank=115&searchId=4e8719d5f5d8231434e23a5433f6c7ecb15d,400,"СтолМинская, Солигорск"
https://www.kufar.by/item/215834866?rank=116&searchId=4e8719d5f5d8231434e23a5433f6c7ecb15d,500,"Диван угловой Гомельская, Светлогорск"
https://www.kufar.by/item/211743850?rank=117&searchId=4e8719d5f5d8231434e23a5433f6c7ecb15d,75,"Продам столМинск, Советский"
https://www.kufar.by/item/215834597?rank=118&searchId=4e8719d5f5d8231434e23a5433f6c7ecb15d,120,Манеж большой детский Могилев
https://www.kufar.by/item/189961476?rank=119&searchId=4e8719d5f5d8231434e23a5433f6c7ecb15d,240,"Набор мебели в детскуюМинская, Борисов"
https://www.kufar.by/item/215833081?rank=120&searchId=4e8719d5f5d8231434e23a5433f6c7ecb15d,100,ШкафГомель
https://www.kufar.by/item/215834137?rank=121&searchId=4e8719d5f5d8231434e23a5433f6c7ecb15d,150,"Кресло офисное до 130 кг ( без торга)Минск, Ленинский"
https://www.kufar.by/item/215834037?rank=122&searchId=4e8719d5f5d8231434e23a5433f6c7ecb15d,120,"Детская кровать с матрасомГомельская, Мозырь"
https://www.kufar.by/item/215833851?rank=123&searchId=4e8719d5f5d8231434e23a5433f6c7ecb15d,140,Мебель детская стол стулМогилев
https://www.kufar.by/item/215833806?rank=124&searchId=4e8719d5f5d8231434e23a5433f6c7ecb15d,100,Стенка Ипуть Могилев
https://www.kufar.by/item/215833688?rank=125&searchId=4e8719d5f5d8231434e23a5433f6c7ecb15d,220,Стенка горка Витебск
https://www.kufar.by/item/215833637?rank=126&searchId=4e8719d5f5d8231434e23a5433f6c7ecb15d,110,"Кроватка детскаяМинская, Солигорск"
https://www.kufar.by/item/215833152?rank=127&searchId=4e8719d5f5d8231434e23a5433f6c7ecb15d,150,"Продам 2 диванаВитебская, Полоцк"
https://www.kufar.by/item/215832729?rank=128&searchId=4e8719d5f5d8231434e23a5433f6c7ecb15d,150,"Матрас  Vegas 160/200Минск, Фрунзенский"
https://www.kufar.by/item/197160483,750,"КУХНИ. ВЫБОР ЦВЕТА И РАЗМЕРА.Минск, ЦентральныйДоставка по Беларуси"
https://www.kufar.by/item/196878864,680,"КУХНИ. ВЫБОР ЦВЕТА И МАТЕРИАЛА.Минск, СоветскийДоставка по Беларуси"
https://www.kufar.by/item/159784615,400,"Готовые кухни из ЛДСП. Цена за комплект.Минск, СоветскийДоставка по Беларуси"
https://www.kufar.by/item/215839877,25,АКЦИЯ Стол стулья 17 цветов табуретки ДОСТАВКАБрестДоставка по Беларуси
https://www.kufar.by/item/215839753,25,"АКЦИЯ Стол стулья 17 цветов табуретки ДОСТАВКАМинск, СоветскийДоставка по Беларуси"
https://www.kufar.by/item/215839646,25,"АКЦИЯ Стол стулья 17 цветов табуретки ДОСТАВКАМинск, ПартизанскийДоставка по Беларуси"
https://www.kufar.by/item/165236112,480,"Дизайнерский стул из массива дуба БИО (-10%)Минск, ЦентральныйДоставка по БеларусиРассрочка"
https://www.kufar.by/item/94645867,390,"Кухня.от 1.2 метра до 2.4. прямая Витебская, НовополоцкДоставка по БеларусиРассрочка"
